fold,auc_roc,auc_prc,f1_score,recall
1,0.9973087518542064,0.8464261900047529,0.4544431946006749,0.9417249417249417
2,0.9980573506789467,0.8702469734458957,0.4293903074517978,0.9603729603729604
3,0.9982092348031923,0.8635266383847762,0.44625407166123776,0.958041958041958
4,0.9974866693468512,0.8661651246825074,0.4581196581196581,0.9370629370629371
5,0.9976407849486232,0.8614897931592785,0.45530260966129926,0.9557109557109557
