model,auc_roc,auc_prc,f1_score,mcc,precision,recall,tp,fp,tn,fn,detection_rate_1pct,detection_rate_5pct
xgboost,0.9917231140336048,0.8942969835790241,0.5617977528089888,0.6101330811299035,0.40214477211796246,0.9316770186335404,300,446,82590,22,0.937888198757764,0.984472049689441
lightgbm,0.9931354700902011,0.8918805405123995,0.6300211416490487,0.6631945536986532,0.4775641025641026,0.9254658385093167,298,326,82710,24,0.9472049689440993,0.9782608695652174
random_forest,0.9947491905778202,0.8427734479784912,0.40350877192982454,0.486228000198908,0.25775862068965516,0.9285714285714286,299,861,82175,23,0.9130434782608695,0.9627329192546584
logistic,0.9768957129722078,0.19133848971268,0.09736971083156347,0.20949399897771154,0.05138817037420245,0.9254658385093167,298,5501,77535,24,0.6118012422360248,0.8819875776397516
