fidelity,stability,comprehensibility
0.7775989818297642,0.8545454545454547,27
